Course Name,Tee Name,Slope Rating,Course Rating,Par
ADELAIDE GOLF CLUB,Red,104,66,72
ADELAIDE GOLF CLUB,White,114,70,72
AKASIA COUNTRY CLUB,Blue,124,70.2,72
AKASIA COUNTRY CLUB,Red,119,66.7,72
AKASIA COUNTRY CLUB,White,136,73.2,72
ALBERTINIA GOLF CLUB,Blue,125,69.5,72
ALBERTINIA GOLF CLUB,Red,109,66.2,72
ALEXANDERBAAI GOLF CLUB,Blue,112,62.7,72
ALEXANDERBAAI GOLF CLUB,White,123,67.7,72
ALEXANDRIA GOLF CLUB,Red,119,67.3,72
ALEXANDRIA GOLF CLUB,White,124,69.3,72
ALIWAL NORTH GOLF CLUB,Back,127,70.5,72
ALIWAL NORTH GOLF CLUB,Front,105,66.3,72
AMANDELBULT GOLF CLUB,Blue,124,70.7,72
AMANDELBULT GOLF CLUB,Red,113,65.4,72
AMANZIMTOTI COUNTRY CLUB (T,ERed,109,63.2,70
AMANZIMTOTI COUNTRY CLUB (T,EWhite,114,67,70
AMATIKULU COUNTRY CLUB,Back,128,70.9,72
AMATIKULU COUNTRY CLUB,Front,119,66.7,72
AMERSFOORT GOLF CLUB,Back,123,70.3,72
AMERSFOORT GOLF CLUB,Front,114,66,72
AMPHITHEATRE GOLF CLUB,Back,127,70.3,72
AMPHITHEATRE GOLF CLUB,Front,112,63.8,72
ARABELLA GOLF CLUB,Blue,114,69.2,72
ARABELLA GOLF CLUB,Red,108,66.6,72
ARABELLA GOLF CLUB,White,120,70.9,72
ARABELLA GOLF CLUB,Yellow,127,72.9,72
ARENDSKRAAL GOLF CLUB,Back,110,64.5,70
ARNOT GOLF CLUB,Red,114,67.7,72
ARNOT GOLF CLUB,White,122,71.1,72
ATLANTIC BEACH LINKS,Blue,114,68.8,72
ATLANTIC BEACH LINKS,Red,109,66.5,72
ATLANTIC BEACH LINKS,White,123,71,72
ATLANTIC BEACH LINKS,Yellow,127,72.8,72
AVION PARK GOLF CLUB,Red,108,65.3,72
AVION PARK GOLF CLUB,White,125,70.5,72
BADPLAAS GOLF CLUB,Pink,113,65.1,70
BADPLAAS GOLF CLUB,Red,123,68.9,70
BALKFONTEIN GOLF CLUB,Back,127,69.3,70
BALKFONTEIN GOLF CLUB,Front,112,65.5,70
BANKENVELD GOLF CLUB,Blue,121,69.5,72
BANKENVELD GOLF CLUB,Red,115,66.8,72
BANKENVELD GOLF CLUB,White,127,72,72
BARBERTON GOLF CLUB,Blue,118,67.4,72
BARBERTON GOLF CLUB,Yellow,126,70.5,72
BARKLY EAST GOLF CLUB,Back,116,71.5,72
BARKLY EAST GOLF CLUB,Front,102,64.9,72
Beachwood Golf Club,Blue,124,68.8,72
Beachwood Golf Club,Red,121,68,72
Beachwood Golf Club,White,134,71.2,72
Beachwood Golf Club,Yellow,136,72,72
BEAUFORT WEST GOLF CLUB,Red,111,64.5,72
BEAUFORT WEST GOLF CLUB,White,121,71,72
BEDFORD GOLF CLUB,Red,106,64.8,72
BEDFORD GOLF CLUB,White,115,69.5,72
BELFAST GOLF CLUB,Back,127,70.4,72
BELFAST GOLF CLUB,Front,116,65.8,72
BELLVILLE GOLF CLUB,Blue,124,69.2,72
BELLVILLE GOLF CLUB,Red,115,66.3,72
BELLVILLE GOLF CLUB,White,132,71.6,72
BENONI COUNTRY CLUB,Blue,126,69.8,72
BENONI COUNTRY CLUB,Red,120,67.2,72
BENONI COUNTRY CLUB,White,135,72.3,72
BENONI COUNTRY CLUB,Yellow,137,74.8,72
BENONI LAKE GOLF CLUB,Blue,120,68.3,72
BENONI LAKE GOLF CLUB,Red,114,66.8,72
BENONI LAKE GOLF CLUB,White,129,73,72
BERG RIVER GOLF CLUB,Back,121,70.1,72
BERG RIVER GOLF CLUB,Front,110,65.3,72
BETHAL GOLF CLUB,Back,127,72.2,72
BETHAL GOLF CLUB,Front,117,67.8,72
BETHLEHEM GOLF CLUB,Blue,117,67.3,72
BETHLEHEM GOLF CLUB,Red,112,65.7,72
BETHLEHEM GOLF CLUB,White,126,71.7,72
BETHULIE GHOLFKLUB,Back,124,68.4,72
BETHULIE GHOLFKLUB,Front,112,64.1,72
BLACK MOUNTAIN GOLF CLUB,Red,105,64.1,72
BLACK MOUNTAIN GOLF CLUB,White,122,72.1,72
BLAIR ATHOLL,Black,146,78.5,72
BLAIR ATHOLL,Bronze,118,69.8,72
BLAIR ATHOLL,Gold,141,74.4,72
BLAIR ATHOLL,Silver,132,72.8,72
BLAIR ATHOLL,White,115,65.1,72
BLOEMFONTEIN GOLF CLUB,Blue,123,70.4,72
BLOEMFONTEIN GOLF CLUB,Red,121,67,72
BLOEMFONTEIN GOLF CLUB,White,126,72.1,72
BLOEMFONTEIN GOLF CLUB,Yellow,132,74,72
BLOEMHOF GOLF CLUB,Red,109,67.8,72
BLOEMHOF GOLF CLUB,White,116,69.7,72
BLUE VALLEY GOLF & COUNTRY,Blue,128,68.9,72
BLUE VALLEY GOLF & COUNTRY,Red,119,66.6,72
BLUE VALLEY GOLF & COUNTRY,White,133,72.1,72
BLUE VALLEY GOLF & COUNTRY,Yellow,141,75.1,72
BLUFF NATIONAL PARK GOLF CLU,Blue,116,68.1,72
BLUFF NATIONAL PARK GOLF CLU,Red,106,65.2,72
BLUFF NATIONAL PARK GOLF CLU,White,125,69.8,72
BLUFF NATIONAL PARK GOLF CLU,Yellow,129,71.5,72
BOGGOMSBAAI GOLF CLUB,Red,122,65.4,72
BOGGOMSBAAI GOLF CLUB,Yellow,133,70.1,72
BONNIEVALE GOLF CLUB,Back,126,70.6,72
BONNIEVALE GOLF CLUB,Front,119,66.7,72
BOSCH HOEK COUNTRY CLUB,Blue,130,69,72
BOSCH HOEK COUNTRY CLUB,Red,124,65.5,72
BOSCH HOEK COUNTRY CLUB,White,134,71.2,72
BOSCHENMEER COURSE (19-9),Blue Boschenme,127,69.9,72
BOSCHENMEER COURSE (19-9),Red Boschenme,116,66.9,72
BOSCHENMEER COURSE (19-9),White Boschenm,132,72.3,72
BOSCHENMEER COURSE (19-9),,133,72.9,72
BOSCHENMEER COURSE (19-9),,139,79.9,72
BOTHAVILLE GOLF CLUB,Red,120,69.4,72
BOTHAVILLE GOLF CLUB,White,126,72.3,72
BRANDFORT GOLF CLUB,Back,119,68.4,72
BRANDFORT GOLF CLUB,Front,103,62.2,72
BREDASDORP GOLF CLUB,Blue,119,67.6,72
BREDASDORP GOLF CLUB,Yellow,126,71.3,72
BRONKHORSTSPRUIT GOLF CLU B,Blue,127,71.3,72
BRONKHORSTSPRUIT GOLF CLU B,Red,119,67.1,72
BRONKHORSTSPRUIT GOLF CLU B,White,130,72.3,72
BULTFONTEIN GOLF CLUB,Red,123,67.4,72
BULTFONTEIN GOLF CLUB,White,132,72.4,72
BURGERSDORP GOLF CLUB,Red,108,65,72
BURGERSDORP GOLF CLUB,White,127,71.2,70
CALEDON GOLF CLUB,Blue,113,68.2,73
CALEDON GOLF CLUB,White,123,71.5,73
CALVINIA GOLF CLUB,Back,121,70.4,72
CALVINIA GOLF CLUB,Front,109,66.2,72
CAMELOT COUNTRY CLUB,Blue,125,67.8,70
CAMELOT COUNTRY CLUB,Red,114,64.1,70
CAMELOT COUNTRY CLUB,White,129,69.5,70
CARNARVON GOLF CLUB,Back,125,70.5,72
CAROLINA GOLF CLUB,Back,122,69.8,72
CAROLINA GOLF CLUB,Front,110,65.2,72
CATHCART GOLF CLUB,Back,116,70.1,72
CATHCART GOLF CLUB,Front,107,66,72
CATHEDRAL PEAK GOLF CLUB,Back,126,69.4,70
CATHEDRAL PEAK GOLF CLUB,Front,115,65,71
CATO RIDGE GOLF CLUB,Blue,118,68.5,72
CATO RIDGE GOLF CLUB,Red,115,67.7,72
CATO RIDGE GOLF CLUB,White,126,71,72
CATO RIDGE GOLF CLUB,Yellow,128,72,72
CCJ - WOODMEAD,Blue,128,69.4,72
CCJ - WOODMEAD,Red,121,66.8,72
CCJ - WOODMEAD,White,133,72.5,72
CCJ - WOODMEAD,Yellow,137,74.8,72
CCJ- ROCKLANDS,Blue,124,68.3,72
CCJ- ROCKLANDS,Red,116,66,72
CCJ- ROCKLANDS,White,137,71.6,72
CCJ- ROCKLANDS,Yellow,142,74.5,72
CCJ- ROCKMEAD,Blue,127,69,72
CCJ- ROCKMEAD,Red,120,66.8,72
CCJ- ROCKMEAD,White,136,71.4,72
CCJ- ROCKMEAD,Yellow,139,74.2,72
CCJ- WOODLANDS,Blue,125,68.7,72
CCJ- WOODLANDS,Red,117,66,72
CCJ- WOODLANDS,White,135,72.7,72
CCJ- WOODLANDS,Yellow,140,75.1,72
CENTRAL DURBAN GOLF CLUB,White,127,70.5,72
CENTRAL DURBAN GOLF CLUB,Yellow,130,71.9,72
CENTURION CC - PAR 71 (HOLE 1,6Blue,127,69.7,71
CENTURION CC - PAR 71 (HOLE 1,6Green,115,64.7,71
CENTURION CC - PAR 71 (HOLE 1,6Red,115,67.1,71
CENTURION CC - PAR 71 (HOLE 1,6White,131,71.6,71
CENTURION CC - PAR 71 (HOLE 1,6Yellow,134,72.8,71
CENTURION CC - PAR 72,Blue,128,70.6,72
CENTURION CC - PAR 72,Green,116,65.4,72
CENTURION CC - PAR 72,Hennops,135,72.7,72
CENTURION CC - PAR 72,John Vorster,122,69.5,72
CENTURION CC - PAR 72,Red,116,67.8,72
CENTURION CC - PAR 72,White,132,72.6,72
CENTURION CC - PAR 72,Yellow,136,73.9,72
CERES GOLF CLUB,Red,112,66.4,72
CERES GOLF CLUB,White,123,70,72
CHAMPAGNE SPORTS RESORT,Blue,128,68.9,72
CHAMPAGNE SPORTS RESORT,Red,119,64.7,72
CHAMPAGNE SPORTS RESORT,White,141,72.4,72
CHAMPAGNE SPORTS RESORT,Yellow,148,75.5,72
CHRISTIANA GOLF CLUB,Red,112,65.2,72
CHRISTIANA GOLF CLUB,White,124,69.8,72
CHROME GOLF CLUB,Back,122,72.1,72
CHROME GOLF CLUB,Front,111,66.6,72
CITRUSDAL GOLF CLUB,Blue,106,65.5,70
CITRUSDAL GOLF CLUB,Yellow,112,68.9,70
CLANWILLIAM GOLF CLUB,Blue,113,66.8,72
CLANWILLIAM GOLF CLUB,White,121,70.1,72
CLARENS GOLF CLUB,Blue,129,67.3,72
CLARENS GOLF CLUB,Red,111,65.1,72
CLARENS GOLF CLUB,White,145,70.8,72
CLARENS GOLF CLUB,Yellow,145,72,72
CLOCOLAN GOLF CLUB,Back,126,70.6,72
CLOCOLAN GOLF CLUB,Front,114,65.3,72
CLOVELLY COUNTRY CLUB,Red,115,67.5,72
CLOVELLY COUNTRY CLUB,White,123,69.7,72
CLOVELLY COUNTRY CLUB,Yellow,126,71.3,72
CMR GOLF CLUB,Blue,120,69.9,72
CMR GOLF CLUB,Red,115,66.7,72
CMR GOLF CLUB,White,129,71.8,72
CMR GOLF CLUB,Yellow,135,73.3,72
COLESBERG GOLF CLUB,Red,107,67.3,72
COLESBERG GOLF CLUB,White,114,70.4,72
COTSWOLD DOWNS GOLF COUR,SBlack,145,75.8,72
COTSWOLD DOWNS GOLF COUR,SBlue,139,69.7,72
COTSWOLD DOWNS GOLF COUR,SRed,133,66.9,72
COTSWOLD DOWNS GOLF COUR,SWhite,140,71.9,72
COTSWOLD DOWNS GOLF COUR,SYellow,143,73.2,72
CRADOCK GOLF CLUB,Back,135,73.1,73
CRADOCK GOLF CLUB,Front,123,67.6,73
CULLINAN GOLF CLUB,Blue,122,67.3,72
CULLINAN GOLF CLUB,White,130,72.9,72
DAINFERN COUNTRY CLUB,Blue,136,69.7,72
DAINFERN COUNTRY CLUB,Red,126,67.2,72
DAINFERN COUNTRY CLUB,White,136,72.7,72
DAINFERN COUNTRY CLUB,Yellow,139,74.9,72
DARKIES GOLF CLUB - AMATIKUL,UBack,128,70.9,72
DARKIES GOLF CLUB - AMATIKUL,UFront,119,66.7,72
DARLING GOLF CLUB,Red,108,64.9,72
DARLING GOLF CLUB,White,124,70.3,72
DARNALL GOLF CLUB,Back,126,71.1,72
DARNALL GOLF CLUB,Front,121,67.1,73
DAVEYTON GOLF CLUB,Yellow,123,71.3,72
DE AAR GOLF CLUB,Back,124,71,72
DE AAR GOLF CLUB,Front,107,64.2,72
De H0ek Golf Club,Back,129,70.7,72
De H0ek Golf Club,Front,125,68.4,72
DE ZALZE GOLF CLUB,Blue,120,68.4,72
DE ZALZE GOLF CLUB,Green,112,64.8,72
DE ZALZE GOLF CLUB,Red,114,66.9,72
DE ZALZE GOLF CLUB,White,124,71,72
DE ZALZE GOLF CLUB,Yellow,133,72.9,72
DELAREYVILLE GOLF CLUB,Back,112,68.6,72
DELAREYVILLE GOLF CLUB,Front,102,64.3,72
DELMAS GOLF CLUB,Back,127,72.8,72
DELMAS GOLF CLUB,Front,116,68.5,72
DEVONVALE GOLF CLUB,Red,109,65.8,72
DEVONVALE GOLF CLUB,White,120,69.2,72
DEVONVALE GOLF CLUB,Yellow,120,71.2,72
Devonvale Short Course,Black,88,55.9,56
DEWETSDORP GOLF CLUB,Back,132,72.2,72
DEWETSDORP GOLF CLUB,Front,122,68.4,72
DOLPHINS CREEK GOLF CLUB,Blue,99,58.6,64
DOLPHINS CREEK GOLF CLUB,Yellow,103,60.3,64
DORDRECHT COUNTRY CLUB,Blue,118,68,72
DORDRECHT COUNTRY CLUB,Red,112,65.8,72
DORDRECHT COUNTRY CLUB,White,124,70.1,72
DOUGLAS GOLF CLUB,Blue,113,68.7,72
DOUGLAS GOLF CLUB,Red,101,64.4,72
DOUGLAS GOLF CLUB,White,120,71.8,72
Drakensberg Gardens GC,Blue,115,67.4,72
Drakensberg Gardens GC,Red,107,63,72
Drakensberg Gardens GC,White,120,69,72
Drakensberg Gardens GC,Yellow,122,70.2,72
DRAKENSIG GOLF CLUB,Red,123,67.4,72
DRAKENSIG GOLF CLUB,Yellow,128,71.2,72
DUNDEE COUNTRY CLUB,Red,115,66.8,71
DUNDEE COUNTRY CLUB,Yellow,124,72.1,71
DURBAN COUNTRY CLUB,Blue,121,69.2,72
DURBAN COUNTRY CLUB,Red,115,67.8,72
DURBAN COUNTRY CLUB,White,127,70.7,72
DURBAN COUNTRY CLUB,Yellow,129,72,72
DURBAN GOLF CLUB,Red,114,65,72
DURBAN GOLF CLUB,White,123,69.3,72
DURBAN GOLF CLUB,Yellow,128,71.2,72
DURBANVILLE GOLF CLUB,Blue,124,69.4,72
DURBANVILLE GOLF CLUB,Red,112,66.7,72
DURBANVILLE GOLF CLUB,White,128,71.7,72
EAGLE CANYON,Blue,121,68.5,72
EAGLE CANYON,Red,115,67.2,72
EAGLE CANYON,White,133,72,72
EAGLE CANYON,Yellow,139,73.9,72
EAST LONDON GOLF CLUB,Blue,129,70.2,73
EAST LONDON GOLF CLUB,Red,124,68.1,73
EAST LONDON GOLF CLUB,White,135,71.9,73
EBOTSE LINKS,Blue,121,70.5,72
EBOTSE LINKS,Red,119,67.8,72
EBOTSE LINKS,White,129,72.7,72
EBOTSE LINKS,Yellow,132,75.2,72
EDENBURG GOLF CLUB,Back,122,71.5,72
EDENBURG GOLF CLUB,Front,110,64.6,72
ELEMENTS PRIVATE GOLF RESER,Blue,135,70.1,72
ELEMENTS PRIVATE GOLF RESER,Red,125,67.4,72
ELEMENTS PRIVATE GOLF RESER,White,142,73.7,72
ELEMENTS PRIVATE GOLF RESER,Yellow,147,76.1,72
ELLIOT GOLF CLUB,Red,115,67.1,72
ELLIOT GOLF CLUB,White,123,70.2,72
EMFULENI COUNTRY CLUB,Red,118,67.9,72
EMFULENI COUNTRY CLUB,White,132,72,72
EMFULENI COUNTRY CLUB,Yellow,138,73.7,72
EMPANGENI COUNTRY CLUB,Red,122,67.7,72
EMPANGENI COUNTRY CLUB,White,131,71.9,72
ERINVALE GOLF CLUB,Blue,129,69.8,72
ERINVALE GOLF CLUB,Red,120,67.4,72
ERINVALE GOLF CLUB,White,135,72.2,72
ERINVALE GOLF CLUB,Yellow,137,74.6,72
ERMELO GOLF CLUB,Blue,123,69.9,72
ERMELO GOLF CLUB,Red,115,66.8,72
ERMELO GOLF CLUB,White,127,71.8,72
ERMELO GOLF CLUB,Yellow,128,72.5,72
ERPM GOLF CLUB,Blue,131,70,72
ERPM GOLF CLUB,Red,119,67,72
ERPM GOLF CLUB,White,135,71.6,72
ERPM GOLF CLUB,Yellow,137,73.7,72
ESHOWE COUNTRY CLUB,Blue,117,67.5,72
ESHOWE COUNTRY CLUB,Red,112,65.9,72
ESHOWE COUNTRY CLUB,White,120,68.8,72
ESHOWE COUNTRY CLUB,Yellow,123,70.2,72
ESTCOURT GOLF CLUB,Red,120,65.6,72
ESTCOURT GOLF CLUB,White,130,70.1,72
Euphoria Golf & Lifestyle Estate,Blue,132,71.1,72
Euphoria Golf & Lifestyle Estate,Red,124,66.7,72
Euphoria Golf & Lifestyle Estate,White,137,74.2,72
Euphoria Golf & Lifestyle Estate,Yellow,148,76.8,72
EYE OF AFRICA GOLF CLUB,Black,152,76.8,72
EYE OF AFRICA GOLF CLUB,Blue,115,68.5,72
EYE OF AFRICA GOLF CLUB,Red,107,65.9,72
EYE OF AFRICA GOLF CLUB,White,136,71.3,72
EYE OF AFRICA GOLF CLUB,Yellow,145,74.6,72
FAIRVIEW GOLF ESTATE,Red,112,64.4,72
FAIRVIEW GOLF ESTATE,White,121,68.4,72
FAIRWAYS VIRTUAL GOLF CLUB,Fairways Virtual,113,72,72
FANCOURT - MONTAGU,Black,137,75.2,72
FANCOURT - MONTAGU,Blue,120,67.6,72
FANCOURT - MONTAGU,Red,114,65.8,72
FANCOURT - MONTAGU,White,126,69.7,72
FANCOURT - MONTAGU,Yellow,133,73.2,72
FANCOURT - OUTENIQUA,Black,132,73.9,72
FANCOURT - OUTENIQUA,Blue,123,68,72
FANCOURT - OUTENIQUA,Red,116,66.2,72
FANCOURT - OUTENIQUA,White,127,69.6,72
FANCOURT - OUTENIQUA,Yellow,133,71.4,72
FELIXTON COUNTRY CLUB,White,84,51.3,54
FICKSBURG GOLF CLUB,Red,120,66.3,72
FICKSBURG GOLF CLUB,White,131,71.7,72
FISH RIVER RESORT,Green,136,73.3,72
FISH RIVER RESORT,Pink,124,68.4,73
FISH RIVER RESORT,White,131,71.3,72
FISH RIVER RESORT,Yellow,139,74.9,72
FORT BEAUFORT GOLF CLUB,Red,116,67.4,72
FORT BEAUFORT GOLF CLUB,White,126,71.2,72
FRANKFORT GHOLF CLUB,Red,115,67.7,72
FRANKFORT GHOLF CLUB,White,132,72,72
FYNBOS GOLF & COUNTRY ESTA T,Blue,124,69.1,72
FYNBOS GOLF & COUNTRY ESTA T,Red,114,66.1,72
FYNBOS GOLF & COUNTRY ESTA T,White,131,71.2,72
GANSBAAI GOLF CLUB,Red,106,66.9,72
GANSBAAI GOLF CLUB,Yellow,113,70.8,72
GARY PLAYER COUNTRY CLUB,Burgandy,155,78.2,72
GARY PLAYER COUNTRY CLUB,Green,151,75.2,72
GARY PLAYER COUNTRY CLUB,Light Green,131,66.2,72
GARY PLAYER COUNTRY CLUB,White,144,72.2,72
GENESIS GOLF CLUB,White,127,70.5,72
GEORGE GOLF CLUB,Blue,123,69.8,72
GEORGE GOLF CLUB,Red,118,67.5,72
GEORGE GOLF CLUB,White,127,71.2,72
GEORGE GOLF CLUB,Yellow,130,73,72
GERMISTON GOLF CLUB,Blue,127,70.7,72
GERMISTON GOLF CLUB,Red,120,67.6,72
GERMISTON GOLF CLUB,White,129,72.9,72
GERMISTON GOLF CLUB,Yellow,132,74.2,72
GLENCOE CORR SERVICES GC,Back,134,72.5,72
GLENCOE CORR SERVICES GC,Front,125,68.5,72
GLENDOWER GOLF CLUB,Blue,135,71.3,72
GLENDOWER GOLF CLUB,Red,129,68.2,72
GLENDOWER GOLF CLUB,White,142,74.1,72
GLENDOWER GOLF CLUB,Yellow,146,76.3,72
GLENVISTA COUNTRY CLUB,Blue,134,71.1,72
GLENVISTA COUNTRY CLUB,Red,122,68.1,72
GLENVISTA COUNTRY CLUB,White,138,72.2,72
GLENVISTA COUNTRY CLUB,Yellow,142,73.8,72
Glenwood Golf Club,Red,77,54.9,58
Glenwood Golf Club,White,82,57.1,58
GOLDFIELDS WEST GOLF CLUB,Blue,122,69.5,72
GOLDFIELDS WEST GOLF CLUB,Red,110,65.6,72
GOLDFIELDS WEST GOLF CLUB,White,136,72.5,72
GONUBIE GOLF CLUB,Blue,127,70.3,72
GONUBIE GOLF CLUB,Red,117,66.8,72
GONUBIE GOLF CLUB,Yellow,130,71.6,72
GOOSE VALLEY GOLF CLUB,Blue,121,68.4,72
GOOSE VALLEY GOLF CLUB,Red,113,65.5,72
GOOSE VALLEY GOLF CLUB,White,127,70.2,72
GOOSE VALLEY GOLF CLUB,Yellow,129,71.6,72
GOWRIE FARM GOLF CLUB,Blue,124,69,71
GOWRIE FARM GOLF CLUB,Red,114,65.3,71
GOWRIE FARM GOLF CLUB,White,131,71.4,71
GOWRIE FARM GOLF CLUB,Yellow,133,73,71
GRAAFF-REINET GOLF CLUB,Blue,120,68.8,72
GRAAFF-REINET GOLF CLUB,Red,112,65.6,72
GRAAFF-REINET GOLF CLUB,White,127,71.3,72
GRACELAND COUNTRY CLUB,Blue,121,69.4,72
GRACELAND COUNTRY CLUB,Red,114,65.7,72
GRACELAND COUNTRY CLUB,White,129,72.4,72
GREATER DURBAN GOLF CLUB,White,127,70.5,72
GREATER DURBAN GOLF CLUB,Yellow,130,71.9,72
GREENSIDE GOLF CLUB,Back,121,71.7,72
GREENSIDE GOLF CLUB,Front,111,66.6,72
GREYTOWN COUNTRY CLUB,Blue,122,69.7,70
GREYTOWN COUNTRY CLUB,White,113,66.5,71
GROBLERSDAL GOLF CLUB,Red,114,67.6,72
GROBLERSDAL GOLF CLUB,Yellow,127,72.3,72
HANKEY GOLF CLUB,Red,112,67,72
HANKEY GOLF CLUB,White,122,69.1,72
HANKEY GOLF CLUB,Yellow,126,70.5,72
HANS MERENSKY GOLF CLUB,Red,115,65.5,72
HANS MERENSKY GOLF CLUB,White,123,71.6,72
HARDING GOLF CLUB,Back,131,70.8,72
HARDING GOLF CLUB,Front,122,66.9,72
HARRISMITH COUNTRY CLUB,Red,108,66.2,72
HARRISMITH COUNTRY CLUB,White,123,71.6,72
HARTSWATER GOLF CLUB,Blue,119,69.8,72
HARTSWATER GOLF CLUB,Red,116,66.9,72
HARTSWATER GOLF CLUB,White,122,71.3,72
HEIDELBERG GOLF CLUB,Blue,119,70.6,72
HEIDELBERG GOLF CLUB,Red,114,65.4,72
HEIDELBERG GOLF CLUB,White,123,73.1,72
HEIDELBERG GOLF CLUB (CAPE),Red,113,67,72
HEIDELBERG GOLF CLUB (CAPE),Yellow,121,69.4,72
HEILBRON GOLF CLUB,Blue,136,72,72
HEILBRON GOLF CLUB,Red,129,67.9,72
,HELDERBERG VILLAGE GOLF CLU Red,111,66.1,70
,HELDERBERG VILLAGE GOLF CLU Yellow,118,69.5,70
Hermanus: East Course (1-18),Black,130,74.6,72
Hermanus: East Course (1-18),Blue,116,68.5,72
Hermanus: East Course (1-18),Red,111,66.2,72
Hermanus: East Course (1-18),White,124,71.3,72
Hermanus: East Course (1-18),Yellow,129,72.7,72
Hermanus: North Course (19-9),Blue,117,68.6,72
Hermanus: North Course (19-9),Red,111,66.4,72
Hermanus: North Course (19-9),White,121,71.7,72
Hermanus: North Course (19-9),Yellow,126,73.4,72
Hermanus: South Course (10-27),Blue,117,68.3,72
Hermanus: South Course (10-27),Red,111,66,72
Hermanus: South Course (10-27),White,122,71,72
Hermanus: South Course (10-27),Yellow,128,72.5,72
HERON BANKS GOLF CLUB,Blue,134,70,71
HERON BANKS GOLF CLUB,Red,128,67.9,71
HERON BANKS GOLF CLUB,White,141,72.1,71
HERON BANKS GOLF CLUB,Yellow,145,74,71
HEX VALLEY GOLF CLUB,Red,110,64.7,70
HEX VALLEY GOLF CLUB,Yellow,119,68.6,70
HIGHLAND GATE,UBlue,135,69.3,72
HIGHLAND GATE,UGreen,146,73.9,72
HIGHLAND GATE,URed,119,63.7,72
HIGHLAND GATE,UWhite,139,70.5,72
HILLSIDE GOLF CLUB,Back,116,67.3,70
HILLSIDE GOLF CLUB,Front,105,63.1,70
HOOPSTAD GOLF CLUB,Blue,131,71.7,72
HOOPSTAD GOLF CLUB,Red,119,67,72
HOPETOWN GOLF CLUB,White,113,71.5,72
HOTAZEL GOLF CLUB,Back,102,59.3,60
HOUGHTON GOLF CLUB,Blue,136,70.6,72
HOUGHTON GOLF CLUB,Red,120,66.5,72
HOUGHTON GOLF CLUB,White,142,72.9,72
HOUGHTON GOLF CLUB,Yellow,145,74.4,72
HOWICK GOLF CLUB,Red,112,67.3,72
HOWICK GOLF CLUB,White,125,71.7,72
HUDDLE PARK GOLF AND RECRE,ABlue,122,70.9,72
HUDDLE PARK GOLF AND RECRE,ARed,113,67.3,72
HUDDLE PARK GOLF AND RECRE,AWhite,124,73,72
Humewood Golf Club,Blue,119,70.8,72
Humewood Golf Club,Red,110,68.5,72
Humewood Golf Club,White,127,72.3,72
Humewood Golf Club,Yellow,127,73.7,72
HUNTERS REST PAR 3 GOLF COU,Red,88,51.8,54
,INDALO WILTSHIRE GC OF SKUKU Red,114,63.5,72
,INDALO WILTSHIRE GC OF SKUKU White,123,66.2,72
Indwe Golf Club,Back,115,69.4,70
Indwe Golf Club,Front,109,66.5,72
IRENE COUNTRY CLUB,Blue,127,70.9,72
IRENE COUNTRY CLUB,Red,125,68.4,72
IRENE COUNTRY CLUB,White,131,72.7,72
IRENE COUNTRY CLUB,Yellow,136,73.9,72
JACKAL CREEK GOLF COURSE,Blue,122,68.3,72
JACKAL CREEK GOLF COURSE,Red,113,65.7,72
JACKAL CREEK GOLF COURSE,White,137,71.3,72
JACKAL CREEK GOLF COURSE,Yellow,141,73.2,72
JACOBSDAL GOLF CLUB,Red,122,68.4,72
JACOBSDAL GOLF CLUB,White,133,71.9,72
JAGERSFONTEIN GOLF CLUB,Red,112,65.7,72
JAGERSFONTEIN GOLF CLUB,Yellow,128,71.7,72
JAN KEMP GOLF CLUB,Blue,123,71.1,72
JAN KEMP GOLF CLUB,Red,113,66.9,72
JAN KEMP GOLF CLUB,White,129,72.4,72
JEFFREYS BAY GOLF CLUB,Blue,125,72,72
JEFFREYS BAY GOLF CLUB,Red,117,68.3,72
KAKAMAS GOLF CLUB,Back,120,70.5,72
KAKAMAS GOLF CLUB,Front,108,64.4,72
Kambaku Golf Club Komatipoort,Blue,127,69.6,72
Kambaku Golf Club Komatipoort,Red,118,66.5,72
Kambaku Golf Club Komatipoort,White,132,71.5,72
KAMEELDORING GOLF CLUB,Red,109,66.7,72
KAMEELDORING GOLF CLUB,White,114,71.6,72
KATBERG ECO GOLF & COUNTRY,Blue,121,67.8,72
KATBERG ECO GOLF & COUNTRY,Red,106,64.9,72
KATBERG ECO GOLF & COUNTRY,White,131,69.9,72
KEI MOUTH GOLF CLUB,Blue,122,68.9,73
KEI MOUTH GOLF CLUB,Red,116,66.3,73
KEI MOUTH GOLF CLUB,White,124,70.4,73
KEMPTON PARK GOLF CLUB,Blue,122,68.2,72
KEMPTON PARK GOLF CLUB,Red,117,66.3,72
KEMPTON PARK GOLF CLUB,White,129,71.9,72
KEMPTON PARK GOLF CLUB,Yellow,132,72.9,72
KESTELL COUNTRY CLUB,Red,121,65.9,72
KESTELL COUNTRY CLUB,White,132,72,72
KILBARCHAN GOLF CLUB,Back,134,72.5,72
KILBARCHAN GOLF CLUB,Front,123,67.4,72
KIMBERLEY GOLF CLUB,Blue,120,69.9,72
KIMBERLEY GOLF CLUB,Red,115,67,72
KIMBERLEY GOLF CLUB,White,123,72.2,72
KING DAVID MOWBRAY GOLF CLU,Red,116,67.3,72
KING DAVID MOWBRAY GOLF CLU,White,121,70,72
KING DAVID MOWBRAY GOLF CLU,Yellow,124,71.7,72
KING WILLIAMSTOWN GOLF CLUB,Red,115,66.4,72
KING WILLIAMSTOWN GOLF CLUB,White,122,69.7,72
KING WILLIAMSTOWN GOLF CLUB,Yellow,126,71.1,72
KINGSWOOD GOLF ESTATE,Blue,134,69.6,72
KINGSWOOD GOLF ESTATE,Red,116,67.2,72
KINGSWOOD GOLF ESTATE,White,136,71.6,72
KINGSWOOD GOLF ESTATE,Yellow,139,73,72
KIRKWOOD GOLF CLUB,Back,128,72.4,72
KIRKWOOD GOLF CLUB,Front,119,67.8,72
KLEINMOND GOLF CLUB,Red,108,66.3,72
KLEINMOND GOLF CLUB,White,116,70.5,72
KLEINZEE GOLF CLUB,Back,127,70.4,72
KLEINZEE GOLF CLUB,Front,113,63.7,72
Klerksdorp Golf Club,Blue,121,72,72
Klerksdorp Golf Club,Red,114,65.9,72
Klerksdorp Golf Club,Yellow,121,68.9,72
KLOOF COUNTRY CLUB,Red,115,66.4,70
KLOOF COUNTRY CLUB,White,122,69.6,70
KLOOF COUNTRY CLUB,Yellow,124,70.3,70
KNYSNA GOLF CLUB,Blue,117,68.2,72
KNYSNA GOLF CLUB,Red,112,65.8,72
KNYSNA GOLF CLUB,White,123,70.3,72
KOFFIEFONTEIN GOLF CLUB,Blue,124,69.6,72
KOFFIEFONTEIN GOLF CLUB,Red,115,67.8,72
KOFFIEFONTEIN GOLF CLUB,White,130,72.3,72
KOKSTAD GOLF CLUB,Back,126,69.5,72
KOKSTAD GOLF CLUB,Front,117,66.1,72
KOMGA GOLF CLUB,Back,127,69.2,72
KOMGA GOLF CLUB,Front,124,67.2,72
KORO CREEK BUSHVELD GOLF E,Blue,128,71.2,72
KORO CREEK BUSHVELD GOLF E,Gold,140,74.9,72
KORO CREEK BUSHVELD GOLF E,Red,122,67.9,72
KORO CREEK BUSHVELD GOLF E,White,136,73,72
KOSTER GOLF CLUB,Back,120,69.6,70
KOSTER GOLF CLUB,Front,110,64.6,70
KRAGGA KAMMA GOLF CLUB,Blue,105,64.2,68
KRAGGA KAMMA GOLF CLUB,Red,93,63.9,68
KRANSPOORT GOLF CLUB,Front,106,63.4,70
KRANSPOORT GOLF CLUB,Yellow,116,67.7,70
KRIEL GOLF CLUB,Back,126,72.3,72
KRIEL GOLF CLUB,Front,113,67,72
KROONSTAD COUNTRY CLUB,Blue,116,70.1,72
KROONSTAD COUNTRY CLUB,Red,115,67.5,72
KROONSTAD COUNTRY CLUB,White,118,72.7,72
KRUGER PARK LODGE GOLF COU,White,105,66.7,72
KRUGER PARK LODGE GOLF COU,Yellow,124,71.4,72
KRUGERSDORP GOLF CLUB,Blue,128,69,72
KRUGERSDORP GOLF CLUB,Green,118,62.8,72
KRUGERSDORP GOLF CLUB,Red,122,67,72
KRUGERSDORP GOLF CLUB,White,133,73.2,72
KRUGERSDORP GOLF CLUB,Yellow,136,75.2,72
KUILSRIVIER GOLF CLUB,Blue,113,69.2,72
KUILSRIVIER GOLF CLUB,Red,113,65.2,72
KUILSRIVIER GOLF CLUB,Yellow,119,71.3,72
KURUMAN GOLF CLUB,Back,135,71.8,72
KURUMAN GOLF CLUB,Front,122,67.1,72
KWAMBONAMBI GOLF CLUB,Back,120,69.3,72
KWAMBONAMBI GOLF CLUB,Front,115,66.7,72
KYALAMI COUNTRY CLUB,Blue,134,69.8,72
KYALAMI COUNTRY CLUB,Red,130,67.2,72
KYALAMI COUNTRY CLUB,White,136,73.4,72
KYALAMI COUNTRY CLUB,Yellow,138,74.7,72
LADISMITH GOLF CLUB,Red,106,64.5,72
LADISMITH GOLF CLUB,Yellow,122,69.2,72
LADY GREY GOLF CLUB,White,97,66.1,72
LADYBRAND SPORTS CLUB,Back,130,71.9,72
LADYBRAND SPORTS CLUB,Front,119,66.8,72
LADYSMITH COUNTRY CLUB,Red,115,66.4,71
LADYSMITH COUNTRY CLUB,White,120,69.4,71
Lamberts Bay Golf Club,Back,116,71.9,73
LANDBOU GOLF CLUB POTCH,Back,140,71.4,72
LANDBOU GOLF CLUB POTCH,Front,126,65.8,72
LANGEBAAN GOLF & SPORTS CL U,Blue,124,69.6,72
LANGEBAAN GOLF & SPORTS CL U,Red,120,67.7,72
LANGEBAAN GOLF & SPORTS CL U,White,128,71.9,72
LANGEBAAN GOLF & SPORTS CL U,Yellow,132,73.7,72
LANGKLOOF GOLF CLUB,Blue,122,70.2,73
LANGKLOOF GOLF CLUB,Red,106,66.2,73
LEOPARD CREEK,Blue,134,70.7,72
LEOPARD CREEK,Gold,147,76,72
LEOPARD CREEK,Green,124,64.8,72
LEOPARD CREEK,Ingwe,137,73.1,72
LEOPARD CREEK,Inkwazi,134,67.4,72
LEOPARD CREEK,Red,129,67.9,72
LEOPARD CREEK,White,141,73.3,72
LEOPARD PARK GOLF CLUB,Blue,128,70.6,72
LEOPARD PARK GOLF CLUB,Pink,124,68.8,72
LEOPARD PARK GOLF CLUB,Red,136,75.1,72
LEOPARD PARK GOLF CLUB,White,130,73,72
Lichtenburg Golf Course,Blue,117,69.3,72
Lichtenburg Golf Course,Red,111,66.2,72
Lichtenburg Golf Course,Yellow,122,71.8,72
LIME ACRES GOLF CLUB,Red,118,66.8,72
LIME ACRES GOLF CLUB,White,124,72.9,72
LOERIESFONTEIN GOLF CLUB,Back,111,69.1,70
LOST CITY GOLF COURSE,Green,145,73.4,72
LOST CITY GOLF COURSE,Light Green,121,67.3,72
LOST CITY GOLF COURSE,White,141,70.9,72
LUTZVILLE GOLF CLUB,Back,125,69.2,71
LUTZVILLE GOLF CLUB,Front,116,66,71
Lydenburg Gholf Klub,Blue,113,67.2,72
Lydenburg Gholf Klub,Red,110,65.5,72
Lydenburg Gholf Klub,White,117,71.8,72
Column1,Column2,Column3,Column4,Column5
MACCAUVLEI GOLF CLUB,Blue,124,69.9,72
MACCAUVLEI GOLF CLUB,Red,120,67.2,72
MACCAUVLEI GOLF CLUB,White,133,72.2,72
MACCAUVLEI GOLF CLUB,Yellow,137,74.3,72
MACLEAR GOLF CLUB,Back,124,71.3,72
MACLEAR GOLF CLUB,Front,114,66.7,72
MAGALIESPARK COUNTRY CLUB,Blue,124,66.9,72
MAGALIESPARK COUNTRY CLUB,Red,111,64.6,72
MAGALIESPARK COUNTRY CLUB,White,128,68.9,72
MAGALIESPARK COUNTRY CLUB,Yellow,132,70.8,72
MAGERSFONTEIN MEMORIAL GOLF CL,Blue,125,68.7,72
MAGERSFONTEIN MEMORIAL GOLF CL,Red,119,65.7,72
MAGERSFONTEIN MEMORIAL GOLF CL,White,130,71,72
MAGERSFONTEIN MEMORIAL GOLF CL,Yellow,134,73.2,72
Maidstone Golf Club,Back,121,69.2,71
Maidstone Golf Club,Front,114,65.6,71
MALELANE GOLF CLUB,Blue,127,69.1,72
MALELANE GOLF CLUB,Red,120,66.5,72
MALELANE GOLF CLUB,White,130,72,72
MALMESBURY GOLF CLUB,Blue,107,67.1,72
MALMESBURY GOLF CLUB,White,120,71.4,72
MANDINI COUNTRY CLUB,Blue,104,64.1,72
MANDINI COUNTRY CLUB,White,112,67,72
MANDINI COUNTRY CLUB,Yellow,114,67.9,72
MARBLE HALL GOLF CLUB,Blue,119,68,72
MARBLE HALL GOLF CLUB,White,125,71.7,72
MARGATE COUNTRY CLUB,Blue,120,66.7,71
MARGATE COUNTRY CLUB,Red,118,65.7,71
MARGATE COUNTRY CLUB,White,126,69.7,71
MARITZBURG GOLF CLUB,Red,111,67.1,72
MARITZBURG GOLF CLUB,White,129,71.1,72
MARQUARD GOLF CLUB,Red,116,66.5,72
MARQUARD GOLF CLUB,White,124,70.8,72
MASERU GOLF CLUB,Back,122,70.3,72
MASERU GOLF CLUB,Front,107,64,72
MATATIELE GOLF CLUB,Back,125,70.8,72
MATATIELE GOLF CLUB,Front,115,66.5,72
Mbombela Golf Club,Red,119,66.8,71
Mbombela Golf Club,White,130,71.8,71
Mbombela Golf Club,Yellow,126,68.4,71
MESSINA GOLF CLUB,Back,123,69.6,72
MESSINA GOLF CLUB,Front,112,65.2,72
METROPOLITAN GOLF CLUB,Blue,110,67.8,70
METROPOLITAN GOLF CLUB,Red,106,65.4,70
METROPOLITAN GOLF CLUB,White,115,69.9,70
MEYERTON GOLF CLUB,Blue,127,70.8,72
MEYERTON GOLF CLUB,Red,124,69.1,72
MEYERTON GOLF CLUB,White,137,73.7,72
MEYERTON GOLF CLUB,Yellow,136,75.7,72
MIDDELBURG COUNTRY CLUB,Red,121,68.1,72
MIDDELBURG COUNTRY CLUB,White,128,71.1,72
MIDDELBURG COUNTRY CLUB,Yellow,130,73,72
MIDDELBURG GOLF CLUB (KAROO),Red,115,69,72
MIDDELBURG GOLF CLUB (KAROO),White,119,72.1,72
MILLVALE GOLF COURSE,Black,148,75.7,72
MILLVALE GOLF COURSE,Red,126,65.6,72
MILLVALE GOLF COURSE,White,135,69.2,72
MILLVALE GOLF COURSE,Yellow,140,72.6,72
MILNERTON GOLF CLUB,Red (71),111,67.1,71
MILNERTON GOLF CLUB,Red (72),112,67.6,72
MILNERTON GOLF CLUB,White (71),115,69.4,71
MILNERTON GOLF CLUB,White (72),116,70.4,72
MILNERTON GOLF CLUB,Yellow (71),120,71.5,71
MILNERTON GOLF CLUB,Yellow (72),122,72.4,72
MODDERFONTEIN GOLF CLUB,Blue,126,69,72
MODDERFONTEIN GOLF CLUB,Red,117,66.3,72
MODDERFONTEIN GOLF CLUB,White,135,72.6,72
MODDERFONTEIN GOLF CLUB,Yellow,139,74.4,72
MOGOL GOLF CLUB,Blue,121,70.2,72
MOGOL GOLF CLUB,Red,116,67.5,72
MOGOL GOLF CLUB,White,125,71.7,72
MOLTENO GOLF CLUB,Front,112,66.6,72
MOLTENO GOLF CLUB,White,121,71.5,72
MONKS COWL COUNTRY CLUB,Back,117,66.8,70
MONKS COWL COUNTRY CLUB,Front,110,63.2,70
MONTAGU GOLF CLUB,Back,123,69.5,72
MONTAGU GOLF CLUB,Front,111,65.5,72
MONZI GOLF CLUB,Back,130,70.4,71
MONZI GOLF CLUB,Front,120,66.2,71
MOOI RIVER COUNTRY CLUB,Back,124,71.5,72
MOOI RIVER COUNTRY CLUB,Front,114,67.1,72
MOOINOOI GOLF CLUB,Back,132,73,72
MOOINOOI GOLF CLUB,Front,123,68.3,72
MOORREESBURG GOLF CLUB,Back,118,69.9,70
MOORREESBURG GOLF CLUB,Front,109,65.5,70
MORGENZON GOLF CLUB,Back,121,71.2,72
MORGENZON GOLF CLUB,Front,110,66,72
MOSSEL BAY GOLF CLUB,Blue,117,68.9,72
MOSSEL BAY GOLF CLUB,Red,111,67,72
MOSSEL BAY GOLF CLUB,White,122,71.1,72
MOSSEL BAY GOLF CLUB,Yellow,127,72.6,72
MTUNZINI COUNTRY CLUB,Blue,116,68.1,71
MTUNZINI COUNTRY CLUB,Red,105,65.5,71
MTUNZINI COUNTRY CLUB,White,121,69.4,71
NABOOMSPRUIT GOLF CLUB,Blue,124,70.5,72
NABOOMSPRUIT GOLF CLUB,Red,115,66.7,72
NABOOMSPRUIT GOLF CLUB,White,125,71.5,72
NEWCASTLE GOLF CLUB,Red,116,67.9,72
NEWCASTLE GOLF CLUB,White,131,71.7,72
NIGEL GOLF CLUB,Blue,133,71.2,72
NIGEL GOLF CLUB,Red,125,67.1,72
NIGEL GOLF CLUB,White,137,72.3,72
NIGEL GOLF CLUB,Yellow,139,72.8,72
NOODSBERG COUNTRY CLUB,Red,117,65.8,71
NOODSBERG COUNTRY CLUB,White,126,69.8,71
OBSERVATORY GOLF CLUB,Blue,128,70.6,72
OBSERVATORY GOLF CLUB,Red,119,67.3,72
OBSERVATORY GOLF CLUB,White,134,71.8,72
OLIVEWOOD GOLF CLUB,Blue,136,69.5,72
OLIVEWOOD GOLF CLUB,Red,128,66.9,72
OLIVEWOOD GOLF CLUB,White,143,72.5,72
OLIVEWOOD GOLF CLUB,Yellow,148,74.1,72
OPPENHEIMER PARK GOLF CLUB,Blue,123,68.3,72
OPPENHEIMER PARK GOLF CLUB,Red,114,65,72
OPPENHEIMER PARK GOLF CLUB,White,126,71.9,72
ORKNEY GOLF CLUB,Blue,119,70.8,72
ORKNEY GOLF CLUB,Red,112,67,72
ORKNEY GOLF CLUB,White,126,73.2,72
OTTOSDAL GOLF CLUB,Back,123,70.9,72
OTTOSDAL GOLF CLUB,Front,110,65.6,72
OUBAAI GOLF CLUB,Blue,120,69.6,72
OUBAAI GOLF CLUB,Red,105,66.2,72
OUBAAI GOLF CLUB,White,132,72.8,72
OUBAAI GOLF CLUB,Yellow,140,75,72
OUDTSHOORN GOLF CLUB,Red,114,67.5,72
OUDTSHOORN GOLF CLUB,White,124,71.6,72
PAARL OLD COURSE (1-18),Blue Old Paarl,127,69.7,72
PAARL OLD COURSE (1-18),Red Old Paarl,115,67.1,72
PAARL OLD COURSE (1-18),White Old Paarl,134,71.5,72
PAARL OLD COURSE (1-18),Yellow Old Paarl,134,72.7,72
PAR 3 - BLUE VALLEY GOLF ESTATE,Orange,74,48.9,54
PAR 3 - BOSCHENMEER,Orange,71,50.6,54
PAR 3 - CENTURION COUNTRY CLUB,Orange,76,50,54
PAR 3 - DAINFERN COUNTRY CLUB,Orange,79,49.6,54
PAR 3 - DURBANVILLE GOLF CLUB,Orange,73,49.5,54
PAR 3 - EYE OF AFRICA GOLF CLUB,Orange,92,53.7,54
PAR 3 - IRENE COUNTRY CLUB,Orange,84,51.4,54
PAR 3 - KAMEELDORING GOLF CLUB,Orange,76,51.8,54
PAR 3 - KRUGERSDORP GOLF CLUB,Orange,84,51.2,54
PAR 3 - LADYSMITH COUNTRY CLUB,Orange,73,48.6,54
PAR 3 - LIME ACRES GOLF CLUB,Orange,84,50.6,54
PAR 3 - MALELANE GOLF CLUB,Orange,86,52.9,54
PAR 3 - PAROW GOLF CLUB,Orange,76,50.9,54
,PAR 3 - PLETTENBERG BAY COUNTRY C Orange,76,50.4,54
PAR 3 - PRETORIA GOLF CLUB,Orange,86,52.2,54
PAR 3 - ST FRANCIS LINKS GOLF COUR,SOrange,80,51.4,54
PAR 3 - STATE MINES COUNTRY CLUB,Orange,73,48.5,54
PAR 3 - STELLENBOSCH GOLF CLUB,Orange,74,53.2,54
PAR 3 - THE MASHIE,Red,65,44.8,54
PAR 3 - THE MASHIE,White,69,46.2,54
PAR 3 - WATERKLOOF GOLF CLUB,Orange,74,50,54
PAR 3 - WESTLAKE GOLF CLUB,Orange,73,51.6,54
PAR 3 - WHISTLING THORN,Blue,104,55,54
PAR 3 - WHISTLING THORN,Green,92,50.9,54
PAR 3 - WHISTLING THORN,Red,97,52.1,54
PAR 3 - WHISTLING THORN,White,112,57.2,54
PAR 3 - WHISTLING THORN,Yellow,117,60.8,54
PAR 3 - ZIMBALI COUNTRY CLUB,Orange,82,52.2,54
PAR 3 – NJDC,Blue,103,53.8,54
PAR 3 – NJDC,Red,96,49.6,54
PARKVIEW GOLF CLUB,Blue,126,68.7,72
PARKVIEW GOLF CLUB,Red,117,65.9,72
PARKVIEW GOLF CLUB,White,127,71.7,72
PARKVIEW GOLF CLUB,Yellow,132,73.5,72
PAROW GOLF CLUB,Blue,121,69.8,72
PAROW GOLF CLUB,Red,111,67.9,72
PAROW GOLF CLUB,White,126,71.8,72
PARYS GOLF CLUB,Blue,133,71.8,72
PARYS GOLF CLUB,Red,127,69,72
PARYS GOLF CLUB,White,137,73.8,72
PARYS GOLF CLUB,Yellow,140,76.2,72
PAULPIETERSBURG COUNTRY CLUB,Back,124,70.3,72
PAULPIETERSBURG COUNTRY CLUB,Front,112,65.1,72
PEARL VALLEY GOLF CLUB,Black,134,75.5,72
PEARL VALLEY GOLF CLUB,Blue,129,70.6,72
PEARL VALLEY GOLF CLUB,Green,126,68.9,72
PEARL VALLEY GOLF CLUB,Red,110,65,72
PEARL VALLEY GOLF CLUB,Yellow,138,73.5,72
PEBBLE ROCK COUNTRY CLUB,Blue,125,68.2,71
PEBBLE ROCK COUNTRY CLUB,Red,113,66.2,71
PEBBLE ROCK COUNTRY CLUB,White,131,71.5,71
PECANWOOD GOLF AND COUNTRY CLU,Blue,120,68.2,72
PECANWOOD GOLF AND COUNTRY CLU,Green,130,75.6,72
PECANWOOD GOLF AND COUNTRY CLU,Red,114,66.1,72
PECANWOOD GOLF AND COUNTRY CLU,White,122,71.8,72
PETRUS STEYN GOLF CLUB,Back,121,70.6,72
PETRUS STEYN GOLF CLUB,Front,115,67.9,74
PEZULA CHAMPIONSHIP COURSE,Black,137,74.4,72
PEZULA CHAMPIONSHIP COURSE,Blue,127,68,72
PEZULA CHAMPIONSHIP COURSE,Red,121,64.9,72
PEZULA CHAMPIONSHIP COURSE,White,129,70.1,72
PEZULA CHAMPIONSHIP COURSE,Yellow,132,72.1,72
PIET RETIEF GOLF CLUB,Blue,133,71.7,72
PIET RETIEF GOLF CLUB,Red,124,68.2,72
PILGRIMS REST GOLF CLUB,Blue,120,68.7,72
PILGRIMS REST GOLF CLUB,Red,104,65,72
PILGRIMS REST GOLF CLUB,White,132,72.3,72
PINNACLE POINT GOLF CLUB,Black,142,75.9,72
PINNACLE POINT GOLF CLUB,Blue,129,68.4,72
PINNACLE POINT GOLF CLUB,Red,114,66,72
PINNACLE POINT GOLF CLUB,White,136,70.7,72
PINNACLE POINT GOLF CLUB,Yellow,144,73.6,72
PLETTENBERG BAY COUNTRY CLUB,Blue,124,69.1,72
PLETTENBERG BAY COUNTRY CLUB,Red,118,66.7,72
PLETTENBERG BAY COUNTRY CLUB,White,128,71.1,72
PLETTENBERG BAY COUNTRY CLUB,Yellow,132,72.1,72
POLLAK PARK GOLF CLUB,Blue,119,68.9,72
POLLAK PARK GOLF CLUB,Red,119,66.9,72
POLLAK PARK GOLF CLUB,White,124,71.6,72
POLLAK PARK GOLF CLUB,Yellow,126,73.1,72
POLOKWANE GOLF CLUB,Red,121,67.9,72
POLOKWANE GOLF CLUB,White,132,72.1,72
POLOKWANE GOLF CLUB,Yellow,135,73.3,72
PONGOLA GOLF CLUB,Red,115,66.3,72
PONGOLA GOLF CLUB,White,126,71.4,72
PORT EDWARD COUNTRY CLUB,Back,132,68.5,72
PORT EDWARD COUNTRY CLUB,Front,124,65.7,72
PORT ELIZABETH GOLF CLUB,Blue,115,69.8,72
PORT ELIZABETH GOLF CLUB,Red,113,68.4,72
PORT ELIZABETH GOLF CLUB,White,125,72.2,72
PORT SHEPSTONE COUNTRY CLUB,Red,120,66.5,72
PORT SHEPSTONE COUNTRY CLUB,White,126,70.1,72
PORT ST JOHNS GOLF CLUB,Back,114,62,66
PORT ST JOHNS GOLF CLUB,Front,113,61,66
PORTERVILLE GOLF CLUB,Red,120,65,70
PORTERVILLE GOLF CLUB,White,125,68.1,70
POTCHEFSTROOM COUNTRY CLUB,Blue,124,69.9,72
POTCHEFSTROOM COUNTRY CLUB,Red,117,66.6,72
POTCHEFSTROOM COUNTRY CLUB,White,133,72.5,72
PRETORIA COUNTRY CLUB,Blue,134,70,72
PRETORIA COUNTRY CLUB,Red,127,67.3,72
PRETORIA COUNTRY CLUB,White,136,73.8,72
PRETORIA GOLF CLUB,Blue,122,71,72
PRETORIA GOLF CLUB,Red,116,68.1,72
PRETORIA GOLF CLUB,White,123,72.5,72
PRIESKA GOLF CLUB,Back,128,69.7,72
PRIESKA GOLF CLUB,Front,117,65.6,72
PRINCE'S GRANT COUNTRY CLUB,Blue,134,70,72
PRINCE'S GRANT COUNTRY CLUB,Red,123,67.4,72
PRINCE'S GRANT COUNTRY CLUB,White,140,71.9,72
PRINCE'S GRANT COUNTRY CLUB,Yellow,141,74.1,72
PRINS ALBERT GOLF CLUB,White,112,71.7,72
QUEENSTOWN GOLF CLUB,Blue,111,66.8,72
QUEENSTOWN GOLF CLUB,Red,105,64.2,72
QUEENSTOWN GOLF CLUB,Yellow,121,71.5,72
RANDPARK - BUSHWILLOW,Gold,123,70.4,72
RANDPARK - BUSHWILLOW,Red,116,67.9,72
RANDPARK - BUSHWILLOW,White,126,72.4,72
RANDPARK - BUSHWILLOW,Yellow,128,73.4,72
RANDPARK - FIRETHORN,Blue,119,66,72
RANDPARK - FIRETHORN,Gold,128,70.6,72
RANDPARK - FIRETHORN,Red,124,68,72
RANDPARK - FIRETHORN,White,137,72.7,72
RANDPARK - FIRETHORN,Yellow,141,74.4,72
READING COUNTRY CLUB,Blue,130,70.1,71
READING COUNTRY CLUB,Red,122,66.6,71
READING COUNTRY CLUB,White,132,72.4,71
READING COUNTRY CLUB,Yellow,136,74.2,71
REITZ GOLF CLUB,Back,123,71,72
REITZ GOLF CLUB,Front,112,66.7,72
REIVILO GOLF CLUB,Back,106,69.4,72
REIVILO GOLF CLUB,Front,98,65.8,72
RICHARDS BAY COUNTRY CLUB,Blue,126,67.6,71
RICHARDS BAY COUNTRY CLUB,Red,117,64.4,71
RICHARDS BAY COUNTRY CLUB,Yellow,131,71,71
RICHMOND GOLF CLUB (KAROO),Back,119,70.5,72
RICHMOND NATAL COUNTRY CLUB,Blue,126,68.9,72
RICHMOND NATAL COUNTRY CLUB,Pink,119,66.4,72
RICHMOND NATAL COUNTRY CLUB,White,129,70.5,72
RIVERSDALE GOLF CLUB,Red,113,66.3,72
RIVERSDALE GOLF CLUB,White,122,70.6,72
RIVERSIDE GOLF CLUB,White,121,72.6,72
RIVERSIDE GOLF CLUB KZN,Red,114,65,72
RIVERSIDE GOLF CLUB KZN,White,123,69.3,72
RIVERSIDE GOLF CLUB KZN,Yellow,128,71.2,72
RIVIERA ON VAAL COUNTRY CLUB,Blue,122,69.5,72
RIVIERA ON VAAL COUNTRY CLUB,Red,118,67.2,72
RIVIERA ON VAAL COUNTRY CLUB,White,128,73.5,72
RIVIERSONDEREND GOLF CLUB,Red,111,65.5,72
RIVIERSONDEREND GOLF CLUB,White,120,70.1,72
ROBERTSON GOLF CLUB,Blue,115,68.7,72
ROBERTSON GOLF CLUB,Red,112,67,72
ROBERTSON GOLF CLUB,White,120,70.7,72
ROBERTSON GOLF CLUB,Yellow,124,72.2,72
RONDEBOSCH GOLF CLUB,Red,119,67.5,72
RONDEBOSCH GOLF CLUB,White,124,69.8,72
RONDEBOSCH GOLF CLUB,Yellow,128,72,72
ROYAL CAPE GOLF CLUB,Red,117,67.9,72
ROYAL CAPE GOLF CLUB,White,127,70.5,72
ROYAL CAPE GOLF CLUB,Yellow,127,72.3,72
ROYAL DURBAN GOLF CLUB,Blue,116,68.7,72
ROYAL DURBAN GOLF CLUB,Red,111,67,72
ROYAL DURBAN GOLF CLUB,White,119,71.6,72
ROYAL DURBAN GOLF CLUB,Yellow,124,72.7,72
ROYAL JHB & KEN EAST COURSE,Championship,142,76.3,72
ROYAL JHB & KEN EAST COURSE,Classic,119,68.1,72
ROYAL JHB & KEN EAST COURSE,Club,135,73.6,72
ROYAL JHB & KEN EAST COURSE,Executive,128,71.3,72
ROYAL JHB & KEN WEST COURSE,Blue,137,73.6,72
ROYAL JHB & KEN WEST COURSE,Red,119,66,72
ROYAL JHB & KEN WEST COURSE,White,124,70.2,72
ROYAL JHB & KEN WEST COURSE,Yellow,132,72,72
ROYAL OAK GOLF CLUB,Blue,121,68.7,72
ROYAL OAK GOLF CLUB,Red,116,66.5,72
ROYAL OAK GOLF CLUB,White,126,71.7,72
ROYAL OAK GOLF CLUB,Yellow,130,73.6,72
ROYAL PORT ALFRED,Blue,111,68.2,72
ROYAL PORT ALFRED,Red,111,67,72
ROYAL PORT ALFRED,White,121,70.8,72
RUIMSIG COUNTRY CLUB,Blue,133,70.3,72
RUIMSIG COUNTRY CLUB,Red,121,67.7,72
RUIMSIG COUNTRY CLUB,White,135,72.8,72
RUIMSIG COUNTRY CLUB,Yellow,138,74.5,72
RUSTENBURG GOLF CLUB,Blue,128,71.1,72
RUSTENBURG GOLF CLUB,Red,121,67.3,72
RUSTENBURG GOLF CLUB,Yellow,135,73.3,72
SABI RIVER SUN GOLF CLUB,Blue,115,66.5,71
SABI RIVER SUN GOLF CLUB,Red,111,64,71
SABI RIVER SUN GOLF CLUB,White,124,69.3,71
SABIE COUNTRY CLUB,White,115,64.2,68
SABIE COUNTRY CLUB,Yellow,124,68.5,68
SAKABULA GOLF CLUB,Blue,118,68.1,73
SAKABULA GOLF CLUB,Red,111,65.1,73
SAKABULA GOLF CLUB,White,128,71.5,73
SAN LAMEER COUNTRY CLUB,Blue,138,69.1,72
SAN LAMEER COUNTRY CLUB,Red,128,65.8,72
SAN LAMEER COUNTRY CLUB,White,143,72,72
SAN LAMEER COUNTRY CLUB,Yellow,147,73.4,72
SAND RIVER GOLF CLUB,Red,115,66.9,72
SAND RIVER GOLF CLUB,White,126,72.4,72
SANDONIA GOLF CLUB,Men,111,66.6,69
SANDY LANE GOLF CLUB,Back,130,69.7,70
SANDY LANE GOLF CLUB,Front,119,65.7,70
SANNIESHOF GOLF CLUB,Red,102,64.6,72
SANNIESHOF GOLF CLUB,White,116,70.4,72
SAPS MECH GOLF CLUB,Red,96,58.5,60
SAPS MECH GOLF CLUB,White,102,60.2,60
SARDINIA BAY GOLF CLUB,Blue,89,62.1,64
SARDINIA BAY GOLF CLUB,Yellow,97,63.5,64
SCHOEMAN PARK GOLF CLUB,Blue,125,71.3,72
SCHOEMAN PARK GOLF CLUB,Red,122,67.6,72
SCHOEMAN PARK GOLF CLUB,White,128,72.9,72
SCHWEIZER-RENEKE GOLF CLUB,Back,122,70.8,72
SCHWEIZER-RENEKE GOLF CLUB,Front,111,66.3,72
SCOTTBURGH GOLF CLUB,Red,111,66.2,69
SCOTTBURGH GOLF CLUB,White,115,68.3,69
SELBORNE GOLF ESTATE,Blue,127,67.2,72
SELBORNE GOLF ESTATE,Red,111,65.6,72
SELBORNE GOLF ESTATE,White,135,69.7,72
SELBORNE GOLF ESTATE,Yellow,137,71.6,72
SENEKAL GOLF CLUB,Back,116,70.7,72
SENEKAL GOLF CLUB,Front,106,65.6,72
SERENGETI GOLF ESTATE - THE SIGNA,TBlue,128,69.9,72
SERENGETI GOLF ESTATE - THE SIGNA,TRed,116,65.7,72
SERENGETI GOLF ESTATE - THE SIGNA,TWhite,139,72.1,72
SERENGETI GOLF ESTATE - THE SIGNA,TYellow,151,76.9,72
SERVICES GOLF CLUB,Blue,126,70.5,72
SERVICES GOLF CLUB,Red,119,67.4,72
SERVICES GOLF CLUB,White,129,71.5,72
SERVICES GOLF CLUB,Yellow,132,73,72
Sesambos Golf Club,Blue,123,70,72
Sesambos Golf Club,Red,116,67.3,72
Sesambos Golf Club,White,127,72.5,72
Sesambos Golf Club,Yellow,131,74.3,72
SHELLEY POINT GOLF CLUB,Blue,116,66.9,72
SHELLEY POINT GOLF CLUB,Yellow,121,70,72
SILVER LAKES,Blue,128,70.5,72
SILVER LAKES,Red,124,67.6,72
SILVER LAKES,White,134,72.8,72
SILVER LAKES,Yellow,138,74.4,72
SIMBITHI GOLF COURSE,Blue,102,59.7,60
SIMBITHI GOLF COURSE,Red,97,58.7,60
SIMBITHI GOLF COURSE,White,104,60.7,60
SIMBITHI GOLF COURSE,Yellow,106,61.5,60
SIMOLA ESTATE & COUNTRY CLUB,Blue,125,69.2,72
SIMOLA ESTATE & COUNTRY CLUB,Red,114,65.4,72
SIMOLA ESTATE & COUNTRY CLUB,White,136,71.7,72
SIMOLA ESTATE & COUNTRY CLUB,Yellow,136,73.7,72
SIMONSTOWN GOLF CLUB,Red,116,62.7,66
SIMONSTOWN GOLF CLUB,White,118,63.8,66
SISHEN GOLF & COUNTRY CLUB,Blue,131,70.2,72
SISHEN GOLF & COUNTRY CLUB,Red,126,68.2,72
SISHEN GOLF & COUNTRY CLUB,White,142,73.3,72
SISHEN GOLF & COUNTRY CLUB,Yellow,143,74.8,72
SMITHFIELD GOLF CLUB,Back,122,71.5,72
SMITHFIELD GOLF CLUB,Front,112,66.3,72
SOMERSET EAST GOLF CLUB,Red,113,65.9,72
SOMERSET EAST GOLF CLUB,White,120,69.7,72
SOMERSET WEST GOLF CLUB,Blue,123,68.3,72
SOMERSET WEST GOLF CLUB,Red,111,66,72
SOMERSET WEST GOLF CLUB,White,128,70.6,72
SOUTHBROOM GOLF CLUB,Blue,121,67.9,72
SOUTHBROOM GOLF CLUB,Red,116,66,72
SOUTHBROOM GOLF CLUB,White,126,69.8,72
SOUTHDOWNS COUNTRY CLUB,Blue,127,68.5,72
SOUTHDOWNS COUNTRY CLUB,Red,122,67,72
SOUTHDOWNS COUNTRY CLUB,White,131,70.9,72
SOUTHDOWNS COUNTRY CLUB,Yellow,135,72.6,72
SOUTPANSBERG GOLF CLUB,Red,121,67.3,72
SOUTPANSBERG GOLF CLUB,White,133,71.8,72
SOWETO COUNTRY CLUB,Blue,115,67.5,72
SOWETO COUNTRY CLUB,Red,115,64.8,72
SOWETO COUNTRY CLUB,White,123,71.7,72
SOWETO COUNTRY CLUB,Yellow,128,74.9,72
SPRINGBOK GOLF CLUB,Blue,114,66.5,72
SPRINGBOK GOLF CLUB,White,126,71,72
SPRINGS COUNTRY CLUB,Blue,119,70.3,72
SPRINGS COUNTRY CLUB,Red,111,66,72
SPRINGS COUNTRY CLUB,White,125,71.5,72
SPRINGS COUNTRY CLUB,Yellow,126,72.1,72
ST CATHRYNS GOLF CLUB,Blue,115,66.9,72
ST CATHRYNS GOLF CLUB,Red,112,65.6,72
ST CATHRYNS GOLF CLUB,White,131,70.2,72
ST FRANCIS BAY GOLF CLUB,Blue,121,69.2,71
ST FRANCIS BAY GOLF CLUB,Red,110,67.5,71
ST FRANCIS BAY GOLF CLUB,White,123,71.3,71
ST FRANCIS LINKS GOLF COURSE,Blue,126,70.1,72
ST FRANCIS LINKS GOLF COURSE,Red,111,67.2,72
ST FRANCIS LINKS GOLF COURSE,White,141,73,72
ST FRANCIS LINKS GOLF COURSE,Yellow,148,76.4,72
STANDERTON GOLF CLUB,Red,118,66.5,72
STANDERTON GOLF CLUB,White,130,71.8,72
STATE MINES COUNTRY CLUB,Blue,123,71.2,72
STATE MINES COUNTRY CLUB,Red,115,66.5,72
STATE MINES COUNTRY CLUB,White,128,72.4,72
STATE MINES COUNTRY CLUB,Yellow,131,73.9,72
STEENBERG GOLF CLUB,Blue,122,69.1,72
STEENBERG GOLF CLUB,Red,114,67.4,72
STEENBERG GOLF CLUB,White,125,71,72
STEENBERG GOLF CLUB,Yellow,127,72.8,72
STELLENBOSCH GOLF CLUB,Blue,116,68.8,72
STELLENBOSCH GOLF CLUB,Red,112,66.5,72
STELLENBOSCH GOLF CLUB,White,124,71.8,72
STELLENBOSCH GOLF CLUB,Yellow,129,73.4,72
Steyn City GC,Black,153,76.3,72
Steyn City GC,Blue,138,70.5,72
Steyn City GC,Red,128,66.8,72
Steyn City GC,White,149,73.7,72
STILBAAI GOLF CLUB,Red,110,66.7,72
STILBAAI GOLF CLUB,White,122,70.2,72
STRAND GOLF CLUB,Red,110,67.2,72
STRAND GOLF CLUB,White,120,70,72
STRAND GOLF CLUB,Yellow,123,72,72
STUTTERHEIM COUNTRY CLUB,Back,123,70,72
STUTTERHEIM COUNTRY CLUB,Front,115,67,72
Sun Valley,Red,100,55.8,58
Sun Valley,Yellow,107,58,58
SWARTKLIP GOLF CLUB,Back,126,73.6,72
SWARTKLIP GOLF CLUB,Red,113,66.5,72
SWELLENDAM GOLF CLUB,White,112,65.9,72
SWELLENDAM GOLF CLUB,Yellow,124,71,72
TEMPE GOLF CLUB,Blue,123,68.3,70
TEMPE GOLF CLUB,Red,115,65.7,70
TEMPE GOLF CLUB,White,124,69.3,70
Test Course,Red,135,72.6,72
THABAZIMBI GOLF CLUB,Blue,128,71.7,72
THABAZIMBI GOLF CLUB,Red,116,66.7,72
THE BELMONT GOLF CLUB,Blue,130,68.2,72
THE BELMONT GOLF CLUB,Red,127,66.4,72
THE BELMONT GOLF CLUB,White,138,71,72
THE BRYANSTON COUNTRY CLUB,Blue,128,70,72
THE BRYANSTON COUNTRY CLUB,Red,120,67.7,72
THE BRYANSTON COUNTRY CLUB,White,133,72.6,72
THE BRYANSTON COUNTRY CLUB,Yellow,135,73.8,72
THE ELS CLUB - COPPERLEAF,Black,145,77.5,72
THE ELS CLUB - COPPERLEAF,Blue,123,68.2,72
THE ELS CLUB - COPPERLEAF,Red,105,65.8,72
THE ELS CLUB - COPPERLEAF,White,134,71.3,72
THE ELS CLUB - COPPERLEAF,Yellow,139,73.6,72
THE KILLARNEY COUNTRY CLUB,Blue,120,68.8,70
THE KILLARNEY COUNTRY CLUB,Red,117,66.3,70
THE KILLARNEY COUNTRY CLUB,White,130,71.2,70
THE KILLARNEY COUNTRY CLUB,Yellow,131,72.8,70
THE LAKES AT MOUNT EDGECOMBE CC,Blue,115,68.5,72
THE LAKES AT MOUNT EDGECOMBE CC,Red,110,66.5,72
THE LAKES AT MOUNT EDGECOMBE CC,White,121,70.4,72
THE LAKES AT MOUNT EDGECOMBE CC,Yellow,128,72.6,72
THE LINKS FANCOURT,Black,149,77.8,73
THE LINKS FANCOURT,Blue,132,70,73
THE LINKS FANCOURT,Red,123,67.7,73
THE LINKS FANCOURT,White,137,70.9,73
THE LINKS FANCOURT,Yellow,141,74.1,73
THE RIVER CLUB,Blue,130,68.6,71
THE RIVER CLUB,Red,119,65.6,71
THE RIVER CLUB,White,135,71.2,71
THE RIVER CLUB,Yellow,139,72.9,71
THE WANDERERS GOLF CLUB,Blue,124,68.6,71
THE WANDERERS GOLF CLUB,Red,121,66.5,71
THE WANDERERS GOLF CLUB,White,126,71.1,71
THE WANDERERS GOLF CLUB,Yellow,131,73.1,71
THE WOODS AT MOUNT EDGECOMBE C,Blue,118,67.8,70
THE WOODS AT MOUNT EDGECOMBE C,Red,119,66.4,70
THE WOODS AT MOUNT EDGECOMBE C,White,127,69.8,70
THE WOODS AT MOUNT EDGECOMBE C,Yellow,129,71.1,70
THEEWATERSKLOOF GOLF CLUB,Red,108,66.3,72
THEEWATERSKLOOF GOLF CLUB,White,119,70.6,72
THEUNISSEN GOLF CLUB,Blue,125,73.4,72
THEUNISSEN GOLF CLUB,Red,112,67.3,72
TZANEEN COUNTRY CLUB,Green,120,66.8,72
TZANEEN COUNTRY CLUB,Purple,132,71.7,72
UITENHAGE GOLF CLUB,Blue,117,69.2,72
UITENHAGE GOLF CLUB,Red,115,67.7,72
UITENHAGE GOLF CLUB,White,126,72.3,72
ULCO GOLF CLUB,Back,123,70.8,72
ULCO GOLF CLUB,Front,109,65.6,72
UMDONI PARK GOLF CLUB,Blue,120,66.8,72
UMDONI PARK GOLF CLUB,Red,95,62.7,72
UMDONI PARK GOLF CLUB,White,133,70.3,72
UMFOLOZI COUNTRY CLUB,Back,122,71.3,72
UMFOLOZI COUNTRY CLUB,Front,111,66.5,72
UMHLALI COUNTRY CLUB,Blue,123,69.1,71
UMHLALI COUNTRY CLUB,Red,117,66.4,71
UMHLALI COUNTRY CLUB,White,126,71,71
UMHLALI COUNTRY CLUB,Yellow,129,72.5,71
UMKOMAAS GOLF CLUB,Blue,113,66.8,70
UMKOMAAS GOLF CLUB,Red,112,66.2,70
UMKOMAAS GOLF CLUB,White,124,69,70
UMKOMAAS GOLF CLUB,Yellow,125,69.8,70
UMTATA COUNTRY CLUB,Back,124,69.3,72
UMTATA COUNTRY CLUB,Front,116,65.5,72
UNDERBERG COUNTRY CLUB,Blue,120,67.3,72
UNDERBERG COUNTRY CLUB,Red,115,65.7,72
UNDERBERG COUNTRY CLUB,White,126,70.1,72
UNIONDALE GOLF CLUB,Blue,114,67.5,72
UNIONDALE GOLF CLUB,Red,112,65.3,72
UNIONDALE GOLF CLUB,White,121,69.8,72
UNIVERSITY OF LIMPOPO,Red,108,65.5,72
UNIVERSITY OF LIMPOPO,Yellow,125,70.1,72
UPINGTON GOLF CLUB,Red,108,65.3,72
UPINGTON GOLF CLUB,White,121,70.8,72
Utrecht Golf Club,Back,129,71.6,72
Utrecht Golf Club,Front,116,66.1,72
VAAL DE GRACE GOLF ESTATE,Blue,124,70.4,72
VAAL DE GRACE GOLF ESTATE,Green,110,64.9,72
VAAL DE GRACE GOLF ESTATE,Red,119,68.6,72
VAAL DE GRACE GOLF ESTATE,White,132,72,72
VAAL DE GRACE GOLF ESTATE,Yellow,134,73.8,72
VENTERSDORP GOLF CLUB,Back,131,70,71
VENTERSDORP GOLF CLUB,Front,117,64.7,71
VICTORIA COUNTRY CLUB,Blue,122,67.9,71
VICTORIA COUNTRY CLUB,Green,114,64.8,71
VICTORIA COUNTRY CLUB,Red,118,66.7,71
VICTORIA COUNTRY CLUB,White,130,70.4,71
VICTORIA COUNTRY CLUB,Yellow,132,72.2,71
VICTORIA-WES GOLF CLUB,Back,120,70.6,72
VICTORIA-WES GOLF CLUB,Front,108,66,72
VILJOENSKROON COUNTRY CLUB,Back,122,71.4,72
VILJOENSKROON COUNTRY CLUB,Front,117,69.3,72
VOLKSRUST GOLF CLUB,Red,120,68.1,72
VOLKSRUST GOLF CLUB,White,130,72.8,72
VREDE GOLF CLUB,Back,126,71.1,72
VREDE GOLF CLUB,Front,113,66.6,72
VREDENBURG GOLF CLUB,Championship,132,72.2,72
VREDENBURG GOLF CLUB,Club,128,70.2,72
VREDENBURG GOLF CLUB,Front,119,65.8,72
VREDENDAL GOLF CLUB,Blue,132,70.5,72
VREDENDAL GOLF CLUB,Red,123,65.8,72
VRYBURG GOLF CLUB,Blue,120,67.8,72
VRYBURG GOLF CLUB,Yellow,130,71.7,72
VRYHEID GOLF CLUB,Blue,133,71.2,72
VRYHEID GOLF CLUB,Red,120,67.5,72
VRYHEID GOLF CLUB,White,138,73.6,72
VULINTABA COUNTRY ESTATE,Blue,123,68.5,72
VULINTABA COUNTRY ESTATE,Red,118,66.6,72
VULINTABA COUNTRY ESTATE,White,130,71.2,72
VULINTABA COUNTRY ESTATE,Yellow,134,74.2,72
WALKER PARK GOLF CLUB,Red,116,67.3,72
WALKER PARK GOLF CLUB,White,126,71.5,72
WALKER PARK GOLF CLUB,Yellow,126,73.5,72
WALMER COUNTRY CLUB,Blue,121,69.2,72
WALMER COUNTRY CLUB,White,127,71.4,72
WALMER GOLF CLUB,Red,113,68.3,72
WALMER GOLF CLUB,Yellow,121,71.2,72
WATERKLOOF GOLF CLUB,Blue,128,71,72
WATERKLOOF GOLF CLUB,Red,121,66.7,72
WATERKLOOF GOLF CLUB,White,132,72.8,72
WATERKLOOF GOLF CLUB,Yellow,131,74.5,72
WATERPAN GOLF CLUB,Blue,115,66.8,73
WATERPAN GOLF CLUB,Yellow,128,73.1,73
Wedgewood Golf Club,Blue,128,69,72
Wedgewood Golf Club,Red,106,64.7,72
Wedgewood Golf Club,Yellow,130,71.7,72
WELLINGTON GOLF CLUB,Red,111,65.9,72
WELLINGTON GOLF CLUB,White,117,70.3,72
WESSELSBRON GOLF CLUB,Red,118,68.6,72
WESSELSBRON GOLF CLUB,White,126,72.6,72
WEST BANK GOLF CLUB,Red,114,66.7,72
WEST BANK GOLF CLUB,White,123,69.6,72
WESTLAKE GOLF CLUB,Red,114,66.9,72
WESTLAKE GOLF CLUB,White,120,69.5,72
WESTLAKE GOLF CLUB,Yellow,123,71.2,72
WESTMINSTER GOLF CLUB,Back,111,68.7,70
WESTMINSTER GOLF CLUB,Front,105,65.9,70
WHITE RIVER COUNTRY CLUB,Blue,122,68.9,71
WHITE RIVER COUNTRY CLUB,Red,114,65.6,71
WHITE RIVER COUNTRY CLUB,White,130,71,71
WHITES GOLF CLUB,Back,124,70.9,72
WHITES GOLF CLUB,Front,113,66.8,72
WILD COAST SUN,Blue,116,66.3,70
WILD COAST SUN,Red,113,64.5,70
WILD COAST SUN,White,125,68.5,70
WILD COAST SUN,Yellow,133,71,70
WILLISTON GOLF CLUB,Back,114,68.7,72
WILLISTON GOLF CLUB,Front,104,64,72
WILLOWMORE GOLF CLUB,White,109,65.2,72
WILLOWMORE GOLF CLUB,Yellow,113,69.9,72
WINDSOR PARK GOLF CLUB,Red,121,68,72
WINDSOR PARK GOLF CLUB,White,127,70.5,72
WINDSOR PARK GOLF CLUB,Yellow,130,71.9,72
Windsor Park Golf Course,Red,121,68,72
Windsor Park Golf Course,White,127,70.5,72
Windsor Park Golf Course,Yellow,130,71.9,72
WINELANDS COURSE (10-27),Blue Winelands,122,69.4,72
WINELANDS COURSE (10-27),Red Winelands,113,66.4,72
WINELANDS COURSE (10-27),White Winelands,126,71.7,72
WINELANDS COURSE (10-27),Yellow Wineland s,127,72.2,72
WINGATE PARK COUNTRY CLUB,Blue,133,69.7,72
WINGATE PARK COUNTRY CLUB,Green,132,72.8,72
WINGATE PARK COUNTRY CLUB,Red,130,68.2,72
WINGATE PARK COUNTRY CLUB,Yellow,137,74.7,72
WITBANK GOLF CLUB,Red,119,67.8,72
WITBANK GOLF CLUB,White,126,70.9,72
WOLMARANSSTAD GOLF CLUB,Back,113,69.5,72
WOLMARANSSTAD GOLF CLUB,Front,104,65.1,72
WOODHILL COUNTRY CLUB,Blue,133,71.1,72
WOODHILL COUNTRY CLUB,Red,118,68,72
WOODHILL COUNTRY CLUB,White,136,72.4,72
WOODHILL COUNTRY CLUB,Yellow,135,74.6,72
WORCESTER GOLF CLUB,Red,111,66.8,72
WORCESTER GOLF CLUB,White,120,70,72
WORCESTER GOLF CLUB,Yellow,126,72.5,72
XAMARIN COUNTRY CLUB,Back,124,68,68
XAMARIN COUNTRY CLUB,Front,113,63,68
ZASTRON GOLF CLUB,Red,117,64.6,72
ZASTRON GOLF CLUB,White,130,70.8,72
ZEBULA COUNTRY CLUB,Blue,128,70.4,72
ZEBULA COUNTRY CLUB,Red,119,66.8,72
ZEBULA COUNTRY CLUB,White,131,72.8,72
ZEBULA COUNTRY CLUB,Yellow,134,74.9,72
ZEERUST COUNTRY CLUB,Back,120,67.5,70
ZEERUST COUNTRY CLUB,Front,109,63.5,70
ZIMBALI COUNTRY CLUB,Blue,129,69.4,72
ZIMBALI COUNTRY CLUB,Red,117,67.5,72
ZIMBALI COUNTRY CLUB,White,129,72.2,72
ZIMBALI COUNTRY CLUB,Yellow,130,75,72
Zwartenbosch,Red,122,67.7,72
Zwartenbosch,White,132,72.3,72
ZWARTKOP COUNTRY CLUB,Blue,124,68.1,71
ZWARTKOP COUNTRY CLUB,Red,117,66,71
ZWARTKOP COUNTRY CLUB,White,134,70.9,71
ZWARTKOP COUNTRY CLUB,Yellow,137,72.6,71
